<?xml version="1.0" encoding="UTF-8"?>
<project-private xmlns="http://www.netbeans.org/ns/project-private/1">
    <editor-bookmarks xmlns="http://www.netbeans.org/ns/editor-bookmarks/2" lastBookmarkId="2">
        <file>
            <url>pages/signup_page_content.php</url>
            <bookmark id="1">
                <name/>
                <line>1</line>
                <key/>
            </bookmark>
        </file>
        <file>
            <url>application.php</url>
            <bookmark id="2">
                <name/>
                <line>154</line>
                <key/>
            </bookmark>
        </file>
    </editor-bookmarks>
    <open-files xmlns="http://www.netbeans.org/ns/projectui-open-files/2">
        <group>
            <file>file:/C:/xampp/htdocs/ScienceSolution/admin/pages/attendance_content.php</file>
            <file>file:/C:/xampp/htdocs/ScienceSolution/admin/admin.php</file>
            <file>file:/C:/xampp/htdocs/ScienceSolution/pages/signup_page_content.php</file>
            <file>file:/C:/xampp/htdocs/ScienceSolution/pages/contact_page_content.php</file>
        </group>
    </open-files>
</project-private>
